{
    "boardType":[
        {
            "id":1,
            "name": "글번호"
        },
        {
            "id":2,
            "name": "제목"
        },
        {
            "id":3,
            "name": "작성자"
        },
        {
            "id":1,
            "name": "작성일자"
        }
    ],
    "boardList": [
        {
        "no": 1,
        "title": "첫번째 게시글입니다.",
        "content": "첫번째 게시글 내용입니다.",
        "createDate": "2020-10-25",
        "readCount": 6
        },
        {
        "no": 2,
        "title": "두번째 게시글입니다.",
        "content": "두번째 게시글 내용입니다.",
        "createDate": "2020-10-25",
        "readCount": 5
        },
        {
        "no": 3,
        "title": "세번째 게시글입니다.",
        "content": "세번째 게시글 내용입니다.",
        "createDate": "2020-10-25",
        "readCount": 1
        },
        {
        "no": 4,
        "title": "네번째 게시글입니다.",
        "content": "네번째 게시글 내용입니다.",
        "createDate": "2020-10-25",
        "readCount": 2
        },
        {
        "no": 5,
        "title": "다섯번째 게시글입니다.",
        "content": "다섯번째 게시글 내용입니다.",
        "createDate": "2020-10-25",
        "readCount": 4
        },
        {
            "no": 6,
            "title": "첫번째 게시글입니다.",
            "content": "첫번째 게시글 내용입니다.",
            "createDate": "2020-10-25",
            "readCount": 6
        },
        {
            "no": 7,
            "title": "첫번째 게시글입니다.",
            "content": "첫번째 게시글 내용입니다.",
            "createDate": "2020-10-25",
            "readCount": 6
        },
        {
            "no": 8,
            "title": "첫번째 게시글입니다.",
            "content": "첫번째 게시글 내용입니다.",
            "createDate": "2020-10-25",
            "readCount": 6
        },
        {
            "no": 9,
            "title": "첫번째 게시글입니다.",
            "content": "첫번째 게시글 내용입니다.",
            "createDate": "2020-10-25",
            "readCount": 6
        },
        {
            "no": 10,
            "title": "열번째 게시글입니다.",
            "content": "열번째 게시글 내용입니다.",
            "createDate": "2020-10-25",
            "readCount": 6
        },
        {
            "no": 11,
            "title": "열한번째 게시글입니다.",
            "content": "열 한번째 게시글 내용입니다.",
            "createDate": "2020-10-25",
            "readCount": 6
        }
    ]
}